"Timestamp (ms)","Ozone (PPB)","Air quality (VOC)","Accelerometer X (milli-g)","Accelerometer Y (milli-g)","Accelerometer Z (milli-g)","Gyroscope X (deg/s)","Gyroscope Y (deg/s)","Gyroscope Z (deg/s)","Magnetometer X (uT)","Magnetometer Y (uT)","Magnetometer Z (uT)","IMU Temperature (C)","BME280 Temperature (C)","Pressure (Pa)","Humidity (%RH)","Ultrasonic 1 (ms)","Ultrasonic 2 (ms)","Ultrasonic 3 (ms)","Vibration 1 Period (ms)","Vibration 2 Period (ms)",
2211624,20,238, 8.7402338E+02, 4.5458981E+02, 1.6601563E+01, 6.4122134E-01, 1.9847329E-01,-3.9923663E+00,-7.6650002E+01,-3.9000000E+01,-1.5780000E+02, 4.9067810E+01, 4.4029999E+01, 9.0615391E+04, 1.2797852E+01, 6.3700002E-01, 0.0000000E+00, 6.1799997E-01,0,0,
2212772,20,239, 8.6816400E+02, 4.6582028E+02, 1.8066406E+01, 1.8778626E+00,-6.8396945E+00,-3.8396947E+00,-7.6800003E+01,-3.7050003E+01,-1.5585001E+02, 4.8732353E+01, 4.4029999E+01, 9.0614844E+04, 1.2785156E+01, 6.3700002E-01, 0.0000000E+00, 6.1000001E-01,0,0,
2213925,20,239, 8.9160150E+02, 4.6337888E+02, 1.4648437E+01, 3.8396947E+00, 7.3282444E-01,-4.4580154E+00,-7.8150002E+01,-3.7500000E+01,-1.5570001E+02, 4.8924042E+01, 4.4040001E+01, 9.0617648E+04, 1.2797852E+01, 6.3700002E-01, 0.0000000E+00, 6.1799997E-01,0,0,
2215077,20,239, 8.9062494E+02, 4.6972653E+02, 1.8066406E+01, 2.7862597E+00, 1.4732825E+00,-2.6183207E+00,-7.8750000E+01,-3.7500000E+01,-1.5630000E+02, 4.8876122E+01, 4.4040001E+01, 9.0615578E+04, 1.2797852E+01, 6.2900001E-01, 0.0000000E+00, 6.7799997E-01,0,0,
2216230,20,240, 8.7841791E+02, 4.6630856E+02, 1.1230468E+01, 2.4427481E-01, 1.1221374E+00,-4.6641221E+00,-7.6650002E+01,-3.6750000E+01,-1.5630000E+02, 4.8780273E+01, 4.4040001E+01, 9.0613844E+04, 1.2773438E+01, 6.2900001E-01, 0.0000000E+00, 6.1000001E-01,0,0,
2217382,20,240, 8.7255853E+02, 4.6972653E+02, 1.3183593E+01, 6.6412216E-01,-1.7633588E+00,-2.4427481E+00,-7.6950005E+01,-3.7200001E+01,-1.5570001E+02, 4.8780273E+01, 4.4049999E+01, 9.0615063E+04, 1.2786133E+01, 6.3700002E-01, 0.0000000E+00, 6.1000001E-01,0,0,
2218534,20,240, 8.6181635E+02, 4.7167966E+02, 1.3671874E+01, 2.4656489E+00, 3.5877862E+00,-2.7099237E+00,-7.6500000E+01,-3.8550003E+01,-1.5795001E+02, 4.8924042E+01, 4.4049999E+01, 9.0611578E+04, 1.2737305E+01, 6.3800001E-01, 0.0000000E+00, 6.1100000E-01,0,0,
2219691,20,241, 8.7792963E+02, 4.7656247E+02, 2.6855467E+01, 3.9160306E+00, 1.0839695E+00, 1.0000000E+00,-7.8150002E+01,-3.7950001E+01,-1.5810001E+02, 4.8924042E+01, 4.4060001E+01, 9.0614906E+04, 1.2773438E+01, 6.2900001E-01, 0.0000000E+00, 6.1000001E-01,0,0,
2220844,20,241, 8.7792963E+02, 4.7558591E+02, 1.8066406E+01,-1.8320611E-01,-3.0992367E+00,-3.4732823E+00,-7.7250000E+01,-3.7800003E+01,-1.5615001E+02, 4.8924042E+01, 4.4070000E+01, 9.0615258E+04, 1.2774414E+01, 6.3700002E-01, 0.0000000E+00, 6.1000001E-01,0,0,
2221999,20,241, 8.6767572E+02, 4.6240231E+02, 2.2949217E+01, 2.7557251E+00, 2.2061069E+00,-3.7862597E+00,-7.9050003E+01,-3.7350002E+01,-1.5615001E+02, 4.8876122E+01, 4.4070000E+01, 9.0613188E+04, 1.2786133E+01, 6.2900001E-01, 0.0000000E+00, 6.1000001E-01,0,0,
2223152,20,242, 8.6816400E+02, 4.6582028E+02, 1.8554688E+01, 4.6641221E+00,-9.0839696E-01,-2.5496182E+00,-7.7550003E+01,-3.9600002E+01,-1.5825000E+02, 4.9163658E+01, 4.4070000E+01, 9.0610391E+04, 1.2774414E+01, 6.3800001E-01, 0.0000000E+00, 6.1799997E-01,0,0,
2224330,20,242, 8.7597650E+02, 4.7021481E+02, 1.2207030E+01, 1.0763359E+00,-4.7328246E-01,-2.9007633E+00,-7.8600006E+01,-3.7800003E+01,-1.5765001E+02, 4.8924042E+01, 4.4070000E+01, 9.0613188E+04, 1.2774414E+01, 6.3700002E-01, 0.0000000E+00, 6.1000001E-01,0,0,
2225479,20,243, 8.7304681E+02, 4.7460934E+02, 1.8554688E+01, 2.4961832E+00,-4.1755724E+00,-1.7251909E+00,-7.6650002E+01,-4.0200001E+01,-1.5705000E+02, 4.8780273E+01, 4.4070000E+01, 9.0614227E+04, 1.2750000E+01, 6.3700002E-01, 0.0000000E+00, 6.1799997E-01,0,0,
2226631,20,243, 8.7451166E+02, 4.7509763E+02, 2.2460936E+01, 3.3587787E+00,-6.1832058E-01,-5.3664122E+00,-7.8300003E+01,-3.7800003E+01,-1.5615001E+02, 4.9067810E+01, 4.4080002E+01, 9.0611445E+04, 1.2762695E+01, 6.2900001E-01, 0.0000000E+00, 6.1000001E-01,0,0,
2227784,20,244, 8.7304681E+02, 4.6777341E+02, 2.5878904E+01, 6.1068702E-02,-1.5267175E-01,-5.5419846E+00,-7.8150002E+01,-3.8700001E+01,-1.5570001E+02, 4.8924042E+01, 4.4090000E+01, 9.0609891E+04, 1.2775391E+01, 6.2900001E-01, 0.0000000E+00, 6.1000001E-01,0,0,
2228936,20,244, 8.6474603E+02, 4.4824216E+02, 9.2773438E+00, 1.1526718E+00,-1.1145039E+00,-2.7175572E+00,-7.9050003E+01,-3.7350002E+01,-1.5660001E+02, 4.8876122E+01, 4.4090000E+01, 9.0610406E+04, 1.2775391E+01, 6.3700002E-01, 0.0000000E+00, 6.1000001E-01,0,0,
2230088,20,244, 8.7646478E+02, 4.5312497E+02, 1.5624999E+01, 8.6259544E-01,-2.2900763E-01,-2.1068702E+00,-7.6650002E+01,-3.7950001E+01,-1.5780000E+02, 4.8924042E+01, 4.4090000E+01, 9.0616867E+04, 1.2775391E+01, 6.3700002E-01, 0.0000000E+00, 6.1000001E-01,0,0,
2231240,20,244, 8.7451166E+02, 4.6191403E+02, 1.8554688E+01, 1.3664122E+00, 8.3969468E-01,-4.6412215E+00,-7.9950005E+01,-3.7500000E+01,-1.5705000E+02, 4.9067810E+01, 4.4099998E+01, 9.0613219E+04, 1.2750000E+01, 6.2900001E-01, 0.0000000E+00, 6.1000001E-01,0,0,
2232393,20,244, 8.7890619E+02, 4.7167966E+02, 1.2207030E+01, 4.0534353E+00, 2.0610687E-01,-1.6793894E+00,-7.7850006E+01,-3.8550003E+01,-1.5660001E+02, 4.9259502E+01, 4.4099998E+01, 9.0610266E+04, 1.2762695E+01, 6.3700002E-01, 0.0000000E+00, 6.1000001E-01,0,0,
2233545,20,245, 8.7207025E+02, 4.6435544E+02, 1.4160155E+01, 7.3282444E-01,-1.0687023E+00,-1.5877863E+00,-7.6950005E+01,-3.7500000E+01,-1.5705000E+02, 4.8876122E+01, 4.4110001E+01, 9.0611484E+04, 1.2775391E+01, 6.2900001E-01, 0.0000000E+00, 6.1000001E-01,0,0,
2234697,20,245, 8.7890619E+02, 4.5410153E+02, 2.4414061E+01, 2.3587787E+00,-4.6106873E+00,-1.9847329E+00,-7.6800003E+01,-3.6600002E+01,-1.5795001E+02, 4.8971966E+01, 4.4110001E+01, 9.0612898E+04, 1.2739258E+01, 6.2900001E-01, 0.0000000E+00, 6.1000001E-01,0,0,
2235849,20,245, 8.7499994E+02, 4.7216794E+02, 1.0742187E+01, 1.8091604E+00, 1.0305344E+00,-1.7938931E+00,-7.8450005E+01,-3.8250000E+01,-1.5600000E+02, 4.9067810E+01, 4.4119999E+01, 9.0613078E+04, 1.2763672E+01, 6.3700002E-01, 0.0000000E+00, 6.1799997E-01,0,0,
2237001,20,245, 8.8281244E+02, 4.6582028E+02, 1.5624999E+01,-3.5877863E-01, 1.6106870E+00,-2.3587787E+00,-7.6950005E+01,-3.8700001E+01,-1.5750000E+02, 4.9163658E+01, 4.4119999E+01, 9.0611516E+04, 1.2775391E+01, 6.3700002E-01, 0.0000000E+00, 6.7799997E-01,0,0,
2238153,20,245, 8.7988275E+02, 4.6484372E+02, 4.3945313E+00, 2.8167939E+00, 1.5190840E+00,-1.3435115E+00,-7.7400002E+01,-3.9000000E+01,-1.5600000E+02, 4.8924042E+01, 4.4110001E+01, 9.0610633E+04, 1.2763672E+01, 6.3700002E-01, 0.0000000E+00, 6.6299999E-01,0,0,
2239318,20,246, 8.7158197E+02, 4.7021481E+02, 1.5136718E+01, 2.8320611E+00,-1.4809160E+00,-1.4961832E+00,-7.8450005E+01,-3.8700001E+01,-1.5630000E+02, 4.8924042E+01, 4.4119999E+01, 9.0611688E+04, 1.2750977E+01, 6.3700002E-01, 0.0000000E+00, 6.1799997E-01,0,0,
2240465,20,246, 8.6962885E+02, 4.7021481E+02, 1.5624999E+01, 1.7480916E+00,-3.5877863E-01,-9.4656491E-01,-7.7700005E+01,-3.9450001E+01,-1.5675000E+02, 4.9067810E+01, 4.4130001E+01, 9.0609250E+04, 1.2726563E+01, 6.2900001E-01, 0.0000000E+00, 6.1799997E-01,0,0,
2241618,20,246, 8.7060541E+02, 4.5947263E+02, 1.7578125E+01, 2.1984732E+00, 1.8244275E+00,-1.7022901E+00,-7.7700005E+01,-3.6750000E+01,-1.5630000E+02, 4.9259502E+01, 4.4130001E+01, 9.0614508E+04, 1.2751953E+01, 6.2900001E-01, 0.0000000E+00, 6.1000001E-01,0,0,
2242770,20,246, 8.7011713E+02, 4.5166013E+02, 6.8359370E+00, 1.3740458E-01, 2.3893130E+00,-1.8854961E+00,-7.8750000E+01,-3.8700001E+01,-1.5495001E+02, 4.8924042E+01, 4.4139999E+01, 9.0611547E+04, 1.2714844E+01, 6.2900001E-01, 0.0000000E+00, 6.1000001E-01,0,0,
2243922,20,247, 8.7060541E+02, 4.7412106E+02, 1.0742187E+01, 2.2442749E+00, 1.8778626E+00,-2.2366412E+00,-7.7550003E+01,-3.8100002E+01,-1.5660001E+02, 4.9067810E+01, 4.4139999E+01, 9.0613109E+04, 1.2739258E+01, 6.2900001E-01, 0.0000000E+00, 6.1900002E-01,0,0,
2245073,20,247, 8.7158197E+02, 4.6874997E+02, 2.6367186E+01, 2.1297710E+00, 5.8778626E-01,-4.4122138E+00,-7.6650002E+01,-3.8700001E+01,-1.5630000E+02, 4.8780273E+01, 4.4139999E+01, 9.0612414E+04, 1.2739258E+01, 6.2900001E-01, 0.0000000E+00, 6.1000001E-01,0,0,
2246226,20,247, 8.6230463E+02, 4.7705075E+02, 2.5390623E+01, 1.3358779E+00, 3.0534351E-02, 1.6564885E+00,-7.5900002E+01,-4.0200001E+01,-1.5630000E+02, 4.9259502E+01, 4.4139999E+01, 9.0611727E+04, 1.2751953E+01, 6.2900001E-01, 0.0000000E+00, 6.1000001E-01,0,0,
2247378,20,248, 8.7939447E+02, 4.5214841E+02, 5.8593745E+00,-4.8091602E-01, 4.4274810E-01,-2.3587787E+00,-7.7400002E+01,-3.7950001E+01,-1.5600000E+02, 4.9115734E+01, 4.4150002E+01, 9.0614172E+04, 1.2740234E+01, 6.3700002E-01, 0.0000000E+00, 6.1000001E-01,0,0,
2248530,20,248, 8.7207025E+02, 4.6337888E+02, 2.1972654E+01, 1.6412214E+00, 4.8854962E-01,-3.0839694E+00,-7.6950005E+01,-3.7950001E+01,-1.5705000E+02, 4.8924042E+01, 4.4160000E+01, 9.0614359E+04, 1.2740234E+01, 6.2900001E-01, 0.0000000E+00, 6.1000001E-01,0,0,
2249682,20,248, 8.7109369E+02, 4.6972653E+02, 1.9531250E+01, 1.3053435E+00, 1.2977099E-01,-3.3893130E+00,-7.7400002E+01,-3.7500000E+01,-1.5705000E+02, 4.9163658E+01, 4.4169998E+01, 9.0614016E+04, 1.2727539E+01, 6.2900001E-01, 0.0000000E+00, 6.1000001E-01,0,0,
2250834,20,248, 8.7158197E+02, 4.8095700E+02, 2.4414061E+01, 1.2519084E+00,-2.3740458E+00,-1.3587786E+00,-7.6200005E+01,-3.7350002E+01,-1.5615001E+02, 4.9163658E+01, 4.4180000E+01, 9.0613000E+04, 1.2728516E+01, 6.2900001E-01, 0.0000000E+00, 6.1799997E-01,0,0,
2251985,20,248, 8.8183588E+02, 4.6582028E+02, 1.8554688E+01, 1.5267175E+00,-2.0229008E+00,-1.2442749E+00,-7.7850006E+01,-3.7800003E+01,-1.5720001E+02, 4.9259502E+01, 4.4180000E+01, 9.0612641E+04, 1.2715820E+01, 6.3700002E-01, 0.0000000E+00, 6.1000001E-01,0,0,
2253162,20,248, 8.7158197E+02, 4.5654294E+02, 2.6855467E+01, 1.3969465E+00, 5.8015269E-01,-1.5114504E+00,-7.6350006E+01,-3.7950001E+01,-1.5600000E+02, 4.9163658E+01, 4.4169998E+01, 9.0610555E+04, 1.2728516E+01, 6.2900001E-01, 0.0000000E+00, 6.1000001E-01,0,0,
2254310,20,248, 8.6572260E+02, 4.7119138E+02, 1.9042969E+01, 1.9465649E+00,-1.6335878E+00,-1.3587786E+00,-7.7700005E+01,-3.8250000E+01,-1.5420001E+02, 4.9067810E+01, 4.4189999E+01, 9.0615633E+04, 1.2716797E+01, 6.2900001E-01, 0.0000000E+00, 6.1799997E-01,0,0,
2255461,20,248, 8.7158197E+02, 4.5947263E+02, 1.0253905E+01, 6.1068702E-02, 2.3893130E+00,-1.4809160E+00,-7.8150002E+01,-3.8250000E+01,-1.5675000E+02, 4.9067810E+01, 4.4189999E+01, 9.0615125E+04, 1.2716797E+01, 6.2900001E-01, 0.0000000E+00, 6.1900002E-01,0,0,
2256614,20,248, 8.7207025E+02, 4.7070309E+02, 1.0253905E+01, 9.2366409E-01,-2.2977099E+00,-1.2748091E+00,-7.6350006E+01,-3.8250000E+01,-1.5630000E+02, 4.9403271E+01, 4.4200001E+01, 9.0614063E+04, 1.2716797E+01, 6.2900001E-01, 0.0000000E+00, 6.1900002E-01,0,0,
2257766,20,248, 8.7646478E+02, 4.6044919E+02, 1.9042969E+01, 2.9770991E-01,-3.4427481E+00,-1.0687023E+00,-7.6500000E+01,-3.7350002E+01,-1.5480000E+02, 4.8971966E+01, 4.4200001E+01, 9.0615820E+04, 1.2704102E+01, 6.2900001E-01, 0.0000000E+00, 6.1799997E-01,0,0,
2258918,20,248, 8.8183588E+02, 4.6386716E+02, 1.6601563E+01, 1.7480916E+00,-1.6335878E+00,-2.0687022E+00,-7.9650002E+01,-3.8550003E+01,-1.5720001E+02, 4.9067810E+01, 4.4209999E+01, 9.0618109E+04, 1.2692383E+01, 6.2900001E-01, 0.0000000E+00, 6.1000001E-01,0,0,
2260071,20,248, 8.6376947E+02, 4.7070309E+02, 1.7089844E+01,-1.3435115E+00, 1.4198474E+00,-1.8396946E+00,-7.8300003E+01,-3.7050003E+01,-1.5585001E+02, 4.9115734E+01, 4.4220001E+01, 9.0618984E+04, 1.2705078E+01, 6.2900001E-01, 0.0000000E+00, 6.1000001E-01,0,0,
2261225,20,248, 8.7060541E+02, 4.6777341E+02, 1.8066406E+01, 1.2671756E+00, 8.6259544E-01,-1.3435115E+00,-7.7250000E+01,-3.8550003E+01,-1.5660001E+02, 4.8876122E+01, 4.4220001E+01, 9.0617063E+04, 1.2716797E+01, 6.3700002E-01, 0.0000000E+00, 6.1799997E-01,0,0,
2262379,20,249, 8.7451166E+02, 4.8144528E+02, 1.6601563E+01, 2.4351146E+00,-4.5801526E-01, 5.1145041E-01,-7.7700005E+01,-3.7950001E+01,-1.5705000E+02, 4.9259502E+01, 4.4220001E+01, 9.0619688E+04, 1.2705078E+01, 6.2900001E-01, 0.0000000E+00, 6.1100000E-01,0,0,
2263534,20,249, 8.5498041E+02, 4.6093747E+02, 1.0742187E+01, 2.7786260E+00,-1.6259542E+00,-2.6870229E+00,-7.7550003E+01,-3.9300003E+01,-1.5615001E+02, 4.9163658E+01, 4.4230000E+01, 9.0617938E+04, 1.2705078E+01, 6.2900001E-01, 0.0000000E+00, 6.1000001E-01,0,0,
2264688,20,249, 8.7353510E+02, 4.8193356E+02, 2.4414061E+01, 1.8167939E+00, 2.2137403E+00,-2.8015268E+00,-7.8300003E+01,-3.8550003E+01,-1.5720001E+02, 4.9067810E+01, 4.4230000E+01, 9.0617250E+04, 1.2693359E+01, 6.2900001E-01, 0.0000000E+00, 6.1900002E-01,0,0,
2265842,20,249, 8.7597650E+02, 4.5410153E+02, 1.9531250E+01, 2.0687022E+00, 3.5877863E-01,-3.2748091E+00,-7.6350006E+01,-3.7200001E+01,-1.5525000E+02, 4.8732353E+01, 4.4230000E+01, 9.0617125E+04, 1.2693359E+01, 6.3700002E-01, 0.0000000E+00, 6.1000001E-01,0,0,
2266995,20,249, 8.7988275E+02, 4.6533200E+02, 2.2949217E+01, 1.2595420E+00,-3.6259542E+00,-1.5038168E+00,-7.6800003E+01,-3.7800003E+01,-1.5720001E+02, 4.9403271E+01, 4.4240002E+01, 9.0618531E+04, 1.2693359E+01, 6.3700002E-01, 0.0000000E+00, 6.1799997E-01,0,0,
2268175,20,249, 8.7304681E+02, 4.5654294E+02, 1.6113281E+01, 2.9160306E+00,-1.3969465E+00,-2.0687022E+00,-7.7850006E+01,-3.7800003E+01,-1.5585001E+02, 4.8971966E+01, 4.4240002E+01, 9.0620086E+04, 1.2717773E+01, 6.3700002E-01, 0.0000000E+00, 6.1000001E-01,0,0,
2269325,20,250, 8.8574213E+02, 4.5800778E+02, 1.9531250E+01, 3.9389312E+00, 3.1755726E+00,-1.2900764E+00,-7.9200005E+01,-3.8250000E+01,-1.5705000E+02, 4.9163658E+01, 4.4250000E+01, 9.0618367E+04, 1.2681641E+01, 6.3700002E-01, 0.0000000E+00, 6.1000001E-01,0,0,
2270479,20,250, 8.7109369E+02, 4.6582028E+02, 1.8554688E+01, 2.1755726E+00, 1.0916030E+00,-1.3816794E+00,-7.7400002E+01,-3.7200001E+01,-1.5525000E+02, 4.9115734E+01, 4.4250000E+01, 9.0616984E+04, 1.2681641E+01, 6.2900001E-01, 0.0000000E+00, 6.1000001E-01,0,0,
2271633,20,250, 8.7353510E+02, 4.6630856E+02, 1.6601563E+01, 2.3740458E+00,-2.6183207E+00,-3.0229008E+00,-7.7400002E+01,-3.9450001E+01,-1.5705000E+02, 4.9163658E+01, 4.4259998E+01, 9.0617852E+04, 1.2706055E+01, 6.3800001E-01, 0.0000000E+00, 6.1900002E-01,0,0,
2272786,20,250, 8.7158197E+02, 4.6093747E+02, 2.5390623E+01, 3.3206108E+00,-1.3816794E+00,-2.6793892E+00,-7.9500000E+01,-3.7200001E+01,-1.5570001E+02, 4.9163658E+01, 4.4259998E+01, 9.0621000E+04, 1.2681641E+01, 6.2900001E-01, 0.0000000E+00, 6.1000001E-01,0,0,
2273940,20,251, 8.7499994E+02, 4.6191403E+02, 1.8554688E+01, 2.7633588E+00, 3.2824428E+00,-9.9236645E-02,-7.7250000E+01,-3.8850002E+01,-1.5720001E+02, 4.9115734E+01, 4.4270000E+01, 9.0619250E+04, 1.2706055E+01, 6.2900001E-01, 0.0000000E+00, 6.1799997E-01,0,0,
2275094,20,251, 8.7060541E+02, 4.5703122E+02, 1.2207030E+01, 1.5267175E+00, 1.0076336E+00,-3.4809160E+00,-7.6350006E+01,-3.7200001E+01,-1.5630000E+02, 4.8971966E+01, 4.4270000E+01, 9.0620313E+04, 1.2681641E+01, 6.3700002E-01, 0.0000000E+00, 6.1799997E-01,0,0,
2276247,20,251, 8.7255853E+02, 4.6484372E+02, 1.7089844E+01, 8.6259544E-01, 7.4045801E-01,-3.6564887E+00,-7.6800003E+01,-3.8550003E+01,-1.5555000E+02, 4.9163658E+01, 4.4270000E+01, 9.0618031E+04, 1.2681641E+01, 6.2900001E-01, 0.0000000E+00, 6.1000001E-01,0,0,
2277402,20,252, 8.6572260E+02, 4.7167966E+02, 1.8554688E+01, 1.5114504E+00,-1.8091604E+00,-2.9160306E+00,-7.7250000E+01,-3.9300003E+01,-1.5765001E+02, 4.9115734E+01, 4.4279999E+01, 9.0615969E+04, 1.2694336E+01, 6.2900001E-01, 0.0000000E+00, 6.1000001E-01,0,0,
2278557,20,252, 8.7744135E+02, 4.7216794E+02, 1.6601563E+01, 1.4503817E-01, 1.2900764E+00,-1.3816794E+00,-7.7400002E+01,-3.9750000E+01,-1.5675000E+02, 4.9115734E+01, 4.4279999E+01, 9.0617531E+04, 1.2669922E+01, 6.2900001E-01, 0.0000000E+00, 6.1799997E-01,0,0,
2279712,20,252, 8.8427728E+02, 4.6826169E+02, 1.6601563E+01, 1.3969465E+00, 1.6793894E+00,-2.1450381E+00,-7.8450005E+01,-3.7200001E+01,-1.5780000E+02, 4.9163658E+01, 4.4290001E+01, 9.0615969E+04, 1.2669922E+01, 6.3700002E-01, 0.0000000E+00, 6.1000001E-01,0,0,
2280866,20,253, 8.7011713E+02, 4.6240231E+02, 1.5136718E+01, 1.0000000E+00,-3.7480917E+00,-1.9389313E+00,-7.6650002E+01,-3.8700001E+01,-1.5630000E+02, 4.9067810E+01, 4.4279999E+01, 9.0614563E+04, 1.2707031E+01, 6.2900001E-01, 0.0000000E+00, 6.1000001E-01,0,0,
2282021,20,253, 8.7060541E+02, 4.5703122E+02, 2.1484373E+01, 1.7404580E+00,-3.6870229E+00,-2.6183207E+00,-7.8750000E+01,-3.7950001E+01,-1.5630000E+02, 4.9307426E+01, 4.4290001E+01, 9.0614586E+04, 1.2669922E+01, 6.3700002E-01, 0.0000000E+00, 6.1799997E-01,0,0,
2283197,20,253, 8.7011713E+02, 4.5996091E+02, 2.3925779E+01, 3.0381680E+00, 1.0687023E-01,-5.1145041E-01,-7.8300003E+01,-3.9300003E+01,-1.5870001E+02, 4.9403271E+01, 4.4290001E+01, 9.0616336E+04, 1.2669922E+01, 6.2900001E-01, 0.0000000E+00, 6.1000001E-01,0,0,
2284345,20,254, 8.7695306E+02, 4.6289059E+02, 1.9042969E+01, 3.3358779E+00, 9.6946567E-01,-2.4274809E+00,-7.6200005E+01,-4.0350002E+01,-1.5690001E+02, 4.8971966E+01, 4.4299999E+01, 9.0619828E+04, 1.2670898E+01, 6.3700002E-01, 0.0000000E+00, 6.1299998E-01,0,0,
2285498,20,254, 8.7207025E+02, 4.7460934E+02, 1.3671874E+01, 1.7786260E+00,-8.1679392E-01,-4.0076337E+00,-7.7400002E+01,-3.7950001E+01,-1.5600000E+02, 4.9307426E+01, 4.4310001E+01, 9.0616352E+04, 1.2658203E+01, 6.2900001E-01, 0.0000000E+00, 6.1799997E-01,0,0,
2286653,20,254, 8.7841791E+02, 4.5654294E+02, 2.1972654E+01, 5.9541982E-01, 1.2519084E+00,-1.6641221E+00,-7.7250000E+01,-3.8550003E+01,-1.5660001E+02, 4.9259502E+01, 4.4310001E+01, 9.0617406E+04, 1.2670898E+01, 6.3800001E-01, 0.0000000E+00, 6.1000001E-01,0,0,
2287807,20,254, 8.7841791E+02, 4.6728513E+02, 1.8066406E+01, 2.1145039E+00,-2.0534351E+00,-6.1832058E-01,-7.7700005E+01,-3.7200001E+01,-1.5525000E+02, 4.8924042E+01, 4.4310001E+01, 9.0617219E+04, 1.2658203E+01, 6.2900001E-01, 0.0000000E+00, 6.1799997E-01,0,0,
2288962,20,254, 8.7060541E+02, 4.6337888E+02, 1.2695312E+01, 1.7099236E+00,-8.0152673E-01,-1.8244275E+00,-7.5750000E+01,-3.8850002E+01,-1.5825000E+02, 4.9163658E+01, 4.4320000E+01, 9.0617594E+04, 1.2659180E+01, 6.2900001E-01, 0.0000000E+00, 6.1000001E-01,0,0,
2290116,20,254, 8.8232416E+02, 4.6142575E+02, 1.8554688E+01, 2.5801528E+00, 2.9007633E+00,-2.0916030E+00,-7.7550003E+01,-3.8550003E+01,-1.5690001E+02, 4.8924042E+01, 4.4330002E+01, 9.0617438E+04, 1.2646484E+01, 6.3700002E-01, 0.0000000E+00, 6.1000001E-01,0,0,
2291270,20,254, 8.7304681E+02, 4.7119138E+02, 1.3671874E+01, 2.8702290E+00,-1.0916030E+00,-1.5877863E+00,-7.7250000E+01,-3.8100002E+01,-1.5690001E+02, 4.9403271E+01, 4.4320000E+01, 9.0614805E+04, 1.2646484E+01, 6.2900001E-01, 0.0000000E+00, 6.1000001E-01,0,0,
2292425,20,254, 8.6669916E+02, 4.8046872E+02, 1.2695312E+01, 4.8854962E-01,-2.6946564E+00,-1.6259542E+00,-7.7850006E+01,-3.7050003E+01,-1.5480000E+02, 4.9163658E+01, 4.4320000E+01, 9.0614805E+04, 1.2646484E+01, 6.2900001E-01, 0.0000000E+00, 6.1000001E-01,0,0,
2293579,20,255, 8.7304681E+02, 4.6582028E+02, 2.0019531E+01, 1.5496184E+00, 4.3511450E-01,-2.3435113E+00,-7.6800003E+01,-3.9600002E+01,-1.5690001E+02, 4.9163658E+01, 4.4330002E+01, 9.0614297E+04, 1.2610352E+01, 6.2900001E-01, 0.0000000E+00, 6.1000001E-01,0,0,
2294736,20,255, 8.8037103E+02, 4.7265622E+02, 1.4160155E+01, 3.9847329E+00,-1.9923664E+00,-3.0992367E+00,-7.7550003E+01,-3.7800003E+01,-1.5615001E+02, 4.9115734E+01, 4.4340000E+01, 9.0614672E+04, 1.2647461E+01, 6.2900001E-01, 0.0000000E+00, 6.1000001E-01,0,0,
2295890,20,255, 8.7011713E+02, 4.6044919E+02, 2.0996092E+01, 3.1297711E-01, 4.8854962E-01,-1.6412214E+00,-7.7400002E+01,-3.8700001E+01,-1.5570001E+02, 4.8971966E+01, 4.4340000E+01, 9.0609250E+04, 1.2671875E+01, 6.3700002E-01, 0.0000000E+00, 6.1000001E-01,0,0,
2297048,20,255, 8.6523431E+02, 4.5800778E+02, 1.3183593E+01, 4.5038167E-01, 4.1221374E-01,-8.7786257E-01,-7.6500000E+01,-3.9600002E+01,-1.5585001E+02, 4.9163658E+01, 4.4349998E+01, 9.0613789E+04, 1.2659180E+01, 6.2900001E-01, 0.0000000E+00, 6.1799997E-01,0,0,
2298225,20,255, 8.6962885E+02, 4.8144528E+02, 1.7578125E+01, 3.4809160E+00,-2.4427481E+00, 2.5190839E-01,-7.7700005E+01,-3.7950001E+01,-1.5495001E+02, 4.9403271E+01, 4.4340000E+01, 9.0613953E+04, 1.2647461E+01, 6.3700002E-01, 0.0000000E+00, 6.1000001E-01,0,0,
2299379,20,256, 8.8134760E+02, 4.6044919E+02, 1.9042969E+01, 2.3282442E+00, 4.3969464E+00,-1.2213740E+00,-7.8600006E+01,-3.6600002E+01,-1.5690001E+02, 4.9403271E+01, 4.4349998E+01, 9.0613813E+04, 1.2647461E+01, 6.2900001E-01, 0.0000000E+00, 6.7000002E-01,0,0,
2300534,20,257, 8.8134760E+02, 4.5800778E+02, 1.4648437E+01, 2.2213740E+00,-3.5877862E+00,-1.2595420E+00,-7.7250000E+01,-3.7800003E+01,-1.5660001E+02, 4.9403271E+01, 4.4349998E+01, 9.0612766E+04, 1.2623047E+01, 6.3700002E-01, 0.0000000E+00, 6.7699999E-01,0,0,
2301688,20,257, 8.7207025E+02, 4.7412106E+02, 1.9531250E+01, 1.5954199E+00, 1.9770992E+00,-2.0763359E+00,-7.8450005E+01,-3.8250000E+01,-1.5570001E+02, 4.9259502E+01, 4.4360001E+01, 9.0615383E+04, 1.2635742E+01, 6.2900001E-01, 0.0000000E+00, 6.1000001E-01,0,0,
2302843,20,257, 8.7451166E+02, 4.6533200E+02, 7.3242183E+00, 2.7938931E+00,-2.4274809E+00,-1.5572519E+00,-7.7550003E+01,-3.9600002E+01,-1.5615001E+02, 4.9163658E+01, 4.4360001E+01, 9.0611891E+04, 1.2647461E+01, 6.2900001E-01, 0.0000000E+00, 6.0900003E-01,0,0,
2303998,20,258, 8.7109369E+02, 4.5849606E+02, 1.0742187E+01, 5.4961830E-01,-3.2290077E+00,-2.6412213E+00,-7.5750000E+01,-3.8100002E+01,-1.5660001E+02, 4.9163658E+01, 4.4369999E+01, 9.0614531E+04, 1.2672852E+01, 6.2800002E-01, 0.0000000E+00, 6.1000001E-01,0,0,
2305153,20,258, 8.7988275E+02, 4.6923825E+02, 3.1249998E+01, 1.5877863E+00,-2.4732823E+00,-2.8625953E+00,-7.6800003E+01,-3.7800003E+01,-1.5615001E+02, 4.9163658E+01, 4.4380001E+01, 9.0614539E+04, 1.2635742E+01, 6.2900001E-01, 0.0000000E+00, 6.1799997E-01,0,0,
2306305,20,258, 8.6669916E+02, 4.7460934E+02, 1.6601563E+01, 3.8549619E+00, 8.5496181E-01,-2.2137403E+00,-7.7850006E+01,-3.8850002E+01,-1.5660001E+02, 4.9451195E+01, 4.4380001E+01, 9.0616117E+04, 1.2672852E+01, 6.2900001E-01, 0.0000000E+00, 6.0900003E-01,0,0,
2307458,20,259, 8.6767572E+02, 4.7998044E+02, 2.6367186E+01, 1.6793894E+00,-2.9770991E-01,-2.1297710E+00,-7.7700005E+01,-3.9000000E+01,-1.5705000E+02, 4.9259502E+01, 4.4380001E+01, 9.0612641E+04, 1.2624023E+01, 6.3700002E-01, 0.0000000E+00, 6.1799997E-01,0,0,
2308610,20,259, 8.7451166E+02, 4.5507809E+02, 1.8066406E+01, 1.2671756E+00,-1.2366412E+00,-2.0839694E+00,-7.7700005E+01,-3.5700001E+01,-1.5600000E+02, 4.9307426E+01, 4.4389999E+01, 9.0613328E+04, 1.2624023E+01, 6.2900001E-01, 0.0000000E+00, 6.1799997E-01,0,0,
2309763,20,259, 8.6572260E+02, 4.6191403E+02, 2.0019531E+01, 2.2977099E+00,-1.4961832E+00,-2.9847329E+00,-7.7550003E+01,-3.8550003E+01,-1.5480000E+02, 4.8971966E+01, 4.4400002E+01, 9.0611609E+04, 1.2636719E+01, 6.2900001E-01, 0.0000000E+00, 6.0900003E-01,0,0,
2310915,20,259, 8.8232416E+02, 4.8095700E+02, 2.0996092E+01, 6.3358778E-01, 1.6793893E-01,-1.1450381E+00,-7.7850006E+01,-3.9300003E+01,-1.5585001E+02, 4.9067810E+01, 4.4400002E+01, 9.0610234E+04, 1.2624023E+01, 6.2900001E-01, 0.0000000E+00, 6.1799997E-01,0,0,
2312067,20,260, 8.8769525E+02, 4.6582028E+02, 2.4414061E+01, 5.4198474E-01,-1.4885496E+00,-1.1908396E+00,-7.6500000E+01,-3.7800003E+01,-1.5615001E+02, 4.9403271E+01, 4.4400002E+01, 9.0612828E+04, 1.2575195E+01, 6.3700002E-01, 0.0000000E+00, 6.1000001E-01,0,0,
2313243,20,260, 8.7109369E+02, 4.7070309E+02, 2.1972654E+01,-1.4503816E+00,-2.9770991E-01,-1.5267175E+00,-7.8750000E+01,-3.7950001E+01,-1.5675000E+02, 4.9403271E+01, 4.4410000E+01, 9.0615648E+04, 1.2649414E+01, 6.2900001E-01, 0.0000000E+00, 6.1799997E-01,0,0,
2314391,20,260, 8.7890619E+02, 4.6826169E+02, 9.2773438E+00, 1.8396946E+00, 1.5114504E+00,-2.8320611E+00,-7.7550003E+01,-3.9600002E+01,-1.5660001E+02, 4.9307426E+01, 4.4410000E+01, 9.0612328E+04, 1.2612305E+01, 6.2900001E-01, 0.0000000E+00, 6.1000001E-01,0,0,
2315546,20,260, 8.6376947E+02, 4.8388669E+02, 2.5878904E+01, 1.6335878E+00, 7.6335877E-02,-1.0992366E+00,-7.6950005E+01,-3.7500000E+01,-1.5750000E+02, 4.9403271E+01, 4.4419998E+01, 9.0610922E+04, 1.2600586E+01, 6.3700002E-01, 0.0000000E+00, 6.1000001E-01,0,0,
2316700,20,260, 8.7597650E+02, 4.6386716E+02, 1.5624999E+01, 6.8702292E-01, 1.8778626E+00,-2.7786260E+00,-7.5450005E+01,-3.9300003E+01,-1.5585001E+02, 4.9259502E+01, 4.4419998E+01, 9.0613734E+04, 1.2625000E+01, 6.3700002E-01, 0.0000000E+00, 6.6900003E-01,0,0,
2317854,20,260, 8.7597650E+02, 4.7265622E+02, 2.0996092E+01, 7.2519082E-01,-2.2442749E+00,-2.4961832E+00,-7.9050003E+01,-3.6300003E+01,-1.5510001E+02, 4.9259502E+01, 4.4430000E+01, 9.0613922E+04, 1.2612305E+01, 6.2900001E-01, 0.0000000E+00, 6.1799997E-01,0,0,
2319008,20,261, 8.6181635E+02, 4.7021481E+02, 1.7089844E+01, 1.3893130E+00,-4.5801528E-02,-2.8091602E+00,-7.6500000E+01,-3.6300003E+01,-1.5480000E+02, 4.9499115E+01, 4.4430000E+01, 9.0615844E+04, 1.2662109E+01, 6.2900001E-01, 0.0000000E+00, 6.1100000E-01,0,0,
2320163,20,261, 8.7353510E+02, 4.5898434E+02, 2.4414063E+00, 4.3664122E+00, 3.4122138E+00,-1.0687023E+00,-7.7700005E+01,-3.7950001E+01,-1.5570001E+02, 4.9403271E+01, 4.4439999E+01, 9.0607813E+04, 1.2613281E+01, 6.3700002E-01, 0.0000000E+00, 6.1799997E-01,0,0,
2321317,20,261, 8.7109369E+02, 4.8291013E+02, 2.5878904E+01, 1.1832061E+00, 1.2595420E+00,-9.5419848E-01,-7.5900002E+01,-3.8700001E+01,-1.5600000E+02, 4.9403271E+01, 4.4439999E+01, 9.0610438E+04, 1.2600586E+01, 6.2900001E-01, 0.0000000E+00, 6.1000001E-01,0,0,
2322472,20,261, 8.7109369E+02, 4.5947263E+02, 1.1718749E+01, 3.1450381E+00,-3.6412213E+00,-1.5038168E+00,-7.6650002E+01,-3.8250000E+01,-1.5630000E+02, 4.9403271E+01, 4.4439999E+01, 9.0611836E+04, 1.2600586E+01, 6.2900001E-01, 0.0000000E+00, 6.6900003E-01,0,0,
2323628,20,262, 8.7499994E+02, 4.7509763E+02, 1.5624999E+01, 3.1755726E+00,-8.8549620E-01,-1.5114504E+00,-7.6500000E+01,-3.7050003E+01,-1.5615001E+02, 4.9403271E+01, 4.4450001E+01, 9.0608695E+04, 1.2600586E+01, 6.3700002E-01, 0.0000000E+00, 6.7699999E-01,0,0,
2324782,20,262, 8.6962885E+02, 4.6728513E+02, 1.8554688E+01,-2.0610687E-01,-4.3816795E+00,-1.6717557E+00,-7.7700005E+01,-3.8700001E+01,-1.5465001E+02, 4.9499115E+01, 4.4450001E+01, 9.0608016E+04, 1.2662109E+01, 6.3700002E-01, 0.0000000E+00, 6.7799997E-01,0,0,
2325936,20,262, 8.6083978E+02, 4.7705075E+02, 1.9042969E+01, 2.1221373E+00,-2.9770992E+00,-2.2977099E+00,-7.6650002E+01,-3.8250000E+01,-1.5630000E+02, 4.9451195E+01, 4.4459999E+01, 9.0609078E+04, 1.2588867E+01, 6.2900001E-01, 0.0000000E+00, 6.6900003E-01,0,0,
2327091,20,263, 8.6816400E+02, 4.7265622E+02, 2.8808592E+01, 2.6564887E+00,-1.7328244E+00,-2.7022901E+00,-7.5750000E+01,-3.8550003E+01,-1.5555000E+02, 4.9307426E+01, 4.4459999E+01, 9.0609945E+04, 1.2588867E+01, 6.2900001E-01, 0.0000000E+00, 6.6900003E-01,0,0,
2328245,20,263, 8.6816400E+02, 4.6386716E+02, 1.6113281E+01, 6.4122134E-01,-1.9007634E+00,-1.4122137E+00,-7.7550003E+01,-3.9600002E+01,-1.5480000E+02, 4.9307426E+01, 4.4459999E+01, 9.0612734E+04, 1.2564453E+01, 6.3700002E-01, 0.0000000E+00, 6.1799997E-01,0,0,
2329399,20,263, 8.7646478E+02, 4.5996091E+02, 2.0019531E+01, 1.3129771E+00,-2.1297710E+00,-1.6335878E+00,-7.6500000E+01,-4.0350002E+01,-1.5585001E+02, 4.9403271E+01, 4.4470001E+01, 9.0613625E+04, 1.2589844E+01, 6.2900001E-01, 0.0000000E+00, 6.0900003E-01,0,0,
2330553,20,263, 8.6474603E+02, 4.6826169E+02, 2.0507811E+01, 1.4503816E+00,-1.8244275E+00,-2.1297710E+00,-7.6950005E+01,-3.7950001E+01,-1.5630000E+02, 4.9451195E+01, 4.4470001E+01, 9.0614328E+04, 1.2589844E+01, 6.2900001E-01, 0.0000000E+00, 6.1000001E-01,0,0,
2331705,20,264, 8.8476556E+02, 4.6191403E+02, 1.3671874E+01,-5.1908398E-01, 1.2748091E+00,-3.1297710E+00,-7.8750000E+01,-3.7950001E+01,-1.5630000E+02, 4.9307426E+01, 4.4480000E+01, 9.0613969E+04, 1.2589844E+01, 6.2900001E-01, 0.0000000E+00, 6.1000001E-01,0,0,
2332858,20,264, 8.7304681E+02, 4.6728513E+02, 1.2207030E+01, 2.1908398E+00, 1.1221374E+00,-2.1984732E+00,-7.8150002E+01,-3.7500000E+01,-1.5750000E+02, 4.9115734E+01, 4.4480000E+01, 9.0612578E+04, 1.2577148E+01, 6.2900001E-01, 0.0000000E+00, 6.1799997E-01,0,0,
2334010,20,264, 8.6621088E+02, 4.5947263E+02, 1.8066406E+01, 1.7862595E+00,-8.3969466E-02,-3.8702290E+00,-7.8300003E+01,-3.7350002E+01,-1.5510001E+02, 4.9163658E+01, 4.4480000E+01, 9.0610141E+04, 1.2577148E+01, 6.3700002E-01, 0.0000000E+00, 6.1799997E-01,0,0,
2335164,20,264, 8.6621088E+02, 4.6630856E+02, 2.6855467E+01, 9.3129772E-01,-2.4198472E+00,-4.3282442E+00,-7.7850006E+01,-3.6300003E+01,-1.5615001E+02, 4.9403271E+01, 4.4480000E+01, 9.0612422E+04, 1.2589844E+01, 6.2900001E-01, 0.0000000E+00, 6.1000001E-01,0,0,
2336319,20,265, 8.7158197E+02, 4.5556638E+02, 2.3437498E+01, 2.0687022E+00,-3.4351146E-01,-1.7404580E+00,-7.6650002E+01,-3.7950001E+01,-1.5630000E+02, 4.9403271E+01, 4.4490002E+01, 9.0617844E+04, 1.2589844E+01, 6.2900001E-01, 0.0000000E+00, 6.1799997E-01,0,0,
2337472,20,265, 8.6376947E+02, 4.7949216E+02, 2.5390623E+01, 2.1526718E+00, 1.9083969E-01,-2.8396947E+00,-7.8600006E+01,-3.7800003E+01,-1.5720001E+02, 4.9451195E+01, 4.4500000E+01, 9.0616813E+04, 1.2615234E+01, 6.3700002E-01, 0.0000000E+00, 6.1799997E-01,0,0,
2338626,20,265, 8.6914056E+02, 4.7314450E+02, 2.9296873E+00, 2.0458016E+00, 4.8091602E+00,-2.7633588E+00,-7.7400002E+01,-6.0000002E-01,-1.5690001E+02, 4.9451195E+01, 4.4500000E+01, 9.0618047E+04, 1.2578125E+01, 6.2900001E-01, 0.0000000E+00, 6.1000001E-01,0,0,
2339781,20,265, 8.7499994E+02, 4.5751950E+02, 1.3671874E+01, 3.8854961E+00,-2.0763359E+00,-7.7862597E-01,-7.7850006E+01,-3.7800003E+01,-1.5555000E+02, 4.9163658E+01, 4.4509998E+01, 9.0615781E+04, 1.2566406E+01, 6.2900001E-01, 0.0000000E+00, 6.1000001E-01,0,0,
2340935,20,265, 8.6328119E+02, 4.5166013E+02, 8.3007813E+00, 8.8549620E-01, 1.8702290E+00,-4.0687022E+00,-7.8150002E+01,-3.7500000E+01,-1.5810001E+02, 4.9642883E+01, 4.4509998E+01, 9.0615602E+04, 1.2578125E+01, 6.3700002E-01, 0.0000000E+00, 6.1799997E-01,0,0,
2342119,20,266, 8.7646478E+02, 4.6630856E+02, 2.3925779E+01, 5.7251906E-01,-7.0229006E-01,-2.9236641E+00,-7.7700005E+01,-3.7950001E+01,-1.5675000E+02, 4.9307426E+01, 4.4520000E+01, 9.0618578E+04, 1.2566406E+01, 6.3700002E-01, 0.0000000E+00, 6.1900002E-01,0,0,
2343270,20,266, 8.7988275E+02, 4.5996091E+02, 1.3671874E+01, 1.3206106E+00,-2.9389312E+00,-4.3969464E+00,-7.7400002E+01,-3.8250000E+01,-1.5675000E+02, 4.9115734E+01, 4.4520000E+01, 9.0620672E+04, 1.2566406E+01, 6.3700002E-01, 0.0000000E+00, 6.1000001E-01,0,0,
2344424,20,266, 8.6914056E+02, 4.6533200E+02, 3.4667969E+01,-5.1908398E-01, 3.2824427E-01, 5.7251906E-01,-7.6650002E+01,-3.8250000E+01,-1.5525000E+02, 4.9403271E+01, 4.4529999E+01, 9.0618250E+04, 1.2554688E+01, 6.3800001E-01, 0.0000000E+00, 6.1799997E-01,0,0,
2345578,20,266, 8.7939447E+02, 4.7753903E+02, 1.9531250E+01, 3.0534351E+00,-8.5496181E-01,-3.0839694E+00,-7.7700005E+01,-3.8700001E+01,-1.5570001E+02, 4.9163658E+01, 4.4529999E+01, 9.0618938E+04, 1.2566406E+01, 6.2900001E-01, 0.0000000E+00, 6.1900002E-01,0,0,
2346732,20,266, 8.9257806E+02, 4.6972653E+02, 2.3437498E+01,-3.1297711E-01,-1.5038168E+00,-3.0763359E+00,-7.6950005E+01,-3.7200001E+01,-1.5465001E+02, 4.9451195E+01, 4.4540001E+01, 9.0620188E+04, 1.2579102E+01, 6.3700002E-01, 0.0000000E+00, 6.1799997E-01,0,0,
2347886,20,266, 8.8037103E+02, 4.6972653E+02, 1.3671874E+01, 1.4045801E+00,-7.8625953E-01,-2.4427481E+00,-7.6650002E+01,-3.9450001E+01,-1.5495001E+02, 4.9499115E+01, 4.4549999E+01, 9.0624016E+04, 1.2567383E+01, 6.3700002E-01, 0.0000000E+00, 6.1799997E-01,0,0,
2349040,20,266, 8.6669916E+02, 4.5263669E+02, 2.1484373E+01,-6.1068702E-02,-1.4274809E+00,-1.3587786E+00,-7.6800003E+01,-3.8550003E+01,-1.5660001E+02, 4.9403271E+01, 4.4549999E+01, 9.0620180E+04, 1.2567383E+01, 6.3700002E-01, 0.0000000E+00, 6.1000001E-01,0,0,
2350194,20,266, 8.7695306E+02, 4.5996091E+02, 1.7578125E+01, 2.2900764E-02,-8.1679392E-01,-5.3435117E-01,-7.5900002E+01,-3.7500000E+01,-1.5525000E+02, 4.9499115E+01, 4.4560001E+01, 9.0620203E+04, 1.2554688E+01, 6.3700002E-01, 0.0000000E+00, 6.1799997E-01,0,0,
2351348,20,267, 8.7841791E+02, 4.6191403E+02, 2.0507811E+01,-3.9694658E-01,-3.6641222E-01,-2.6412213E+00,-7.7700005E+01,-3.7200001E+01,-1.5570001E+02, 4.9499115E+01, 4.4549999E+01, 9.0620195E+04, 1.2567383E+01, 6.3700002E-01, 0.0000000E+00, 6.1799997E-01,0,0,
2352502,20,267, 8.6621088E+02, 4.5556638E+02, 2.2460936E+01, 4.2748091E-01,-1.2977099E+00,-3.7938931E+00,-7.7250000E+01,-3.6600002E+01,-1.5555000E+02, 4.9403271E+01, 4.4560001E+01, 9.0618813E+04, 1.2554688E+01, 6.2900001E-01, 0.0000000E+00, 6.1799997E-01,0,0,
2353657,20,267, 8.5742181E+02, 4.7070309E+02, 1.3183593E+01, 2.4427481E+00, 6.9465649E-01, 2.1374045E-01,-7.6200005E+01,-3.6600002E+01,-1.5660001E+02, 4.9499115E+01, 4.4570000E+01, 9.0618641E+04, 1.2542969E+01, 6.2900001E-01, 0.0000000E+00, 6.1000001E-01,0,0,
2354811,20,267, 8.7109369E+02, 4.7558591E+02, 8.7890625E+00, 1.0839695E+00,-8.0916029E-01,-1.6259542E+00,-7.6350006E+01,-3.7950001E+01,-1.5750000E+02, 4.9451195E+01, 4.4570000E+01, 9.0621438E+04, 1.2542969E+01, 6.3700002E-01, 0.0000000E+00, 6.1900002E-01,0,0,
2355989,20,267, 8.7646478E+02, 4.7119138E+02, 1.4648437E+01, 2.7328243E+00, 5.4198474E-01,-1.5190840E+00,-7.7850006E+01,-3.8550003E+01,-1.5765001E+02, 4.9307426E+01, 4.4570000E+01, 9.0621453E+04, 1.2542969E+01, 6.2900001E-01, 0.0000000E+00, 6.1000001E-01,0,0,
2357143,20,268, 8.6523431E+02, 4.6240231E+02, 1.7089844E+01, 1.0687023E+00,-3.5877863E-01,-3.2977099E+00,-7.7250000E+01,-3.8850002E+01,-1.5405000E+02, 4.9451195E+01, 4.4580002E+01, 9.0619719E+04, 1.2542969E+01, 6.3700002E-01, 0.0000000E+00, 6.1000001E-01,0,0,
2358298,20,268, 8.8037103E+02, 4.6240231E+02, 2.4414061E+01, 8.9312977E-01,-1.0381680E+00,-3.7328243E+00,-7.8300003E+01,-3.8850002E+01,-1.5555000E+02, 4.9594963E+01, 4.4580002E+01, 9.0621281E+04, 1.2543945E+01, 6.3700002E-01, 0.0000000E+00, 6.1000001E-01,0,0,
2359453,20,268, 8.6425775E+02, 4.6484372E+02, 4.8828125E+00, 1.0229008E+00, 2.8091602E+00,-2.5648854E+00,-7.6650002E+01,-3.7950001E+01,-1.5600000E+02, 4.9594963E+01, 4.4590000E+01, 9.0620953E+04, 1.2531250E+01, 6.2900001E-01, 0.0000000E+00, 6.1799997E-01,0,0,
2360608,20,268, 8.6572260E+02, 4.6777341E+02, 1.5624999E+01,-2.7480915E-01,-7.4045801E-01,-3.8167939E+00,-7.8150002E+01,-3.7950001E+01,-1.5705000E+02, 4.9642883E+01, 4.4590000E+01, 9.0624078E+04, 1.2604492E+01, 6.2900001E-01, 0.0000000E+00, 6.1000001E-01,0,0,
2361768,20,269, 8.8330072E+02, 4.6533200E+02, 2.6855467E+01, 2.8702290E+00,-1.5954199E+00,-3.5190840E+00,-7.6650002E+01,-3.6450001E+01,-1.5525000E+02, 4.9499115E+01, 4.4599998E+01, 9.0621484E+04, 1.2543945E+01, 6.2900001E-01, 0.0000000E+00, 6.1799997E-01,0,0,
2362927,20,269, 8.7060541E+02, 4.7900388E+02, 1.6113281E+01, 1.5038168E+00, 2.4580152E+00,-1.9923664E+00,-7.6800003E+01,-3.8100002E+01,-1.5690001E+02, 4.9403271E+01, 4.4610001E+01, 9.0619063E+04, 1.2556641E+01, 6.2800002E-01, 0.0000000E+00, 6.1000001E-01,0,0,
2364087,20,269, 8.8232416E+02, 4.7021481E+02, 8.3007813E+00, 1.9618320E+00,-2.7328243E+00,-2.6717558E+00,-7.6800003E+01,-3.8850002E+01,-1.5585001E+02, 4.9499115E+01, 4.4610001E+01, 9.0621000E+04, 1.2507813E+01, 6.2900001E-01, 0.0000000E+00, 6.1000001E-01,0,0,
2365245,20,269, 8.6767572E+02, 4.6191403E+02, 1.2695312E+01, 2.5496182E+00,-5.3435117E-01,-1.1526718E+00,-7.7550003E+01,-3.8850002E+01,-1.5585001E+02, 4.9451195E+01, 4.4619999E+01, 9.0618219E+04, 1.2532227E+01, 6.2900001E-01, 0.0000000E+00, 6.0900003E-01,0,0,
2366405,20,269, 8.5839838E+02, 4.7412106E+02, 2.0019531E+01, 3.2671757E+00,-4.2748091E-01,-4.5496182E+00,-7.5900002E+01,-3.7200001E+01,-1.5600000E+02, 4.9403271E+01, 4.4619999E+01, 9.0621023E+04, 1.2544922E+01, 6.2900001E-01, 0.0000000E+00, 6.1799997E-01,0,0,
2367566,20,269, 8.7890619E+02, 4.4384763E+02, 7.3242183E+00, 2.7404580E+00, 6.2595421E-01,-1.6641221E+00,-7.7250000E+01,-3.8100002E+01,-1.5690001E+02, 4.9642883E+01, 4.4630001E+01, 9.0621367E+04, 1.2520508E+01, 6.3700002E-01, 0.0000000E+00, 6.1000001E-01,0,0,
2368726,20,270, 8.5839838E+02, 4.7656247E+02, 5.3710933E+00, 1.3206106E+00, 1.2213740E-01,-1.5114504E+00,-7.7400002E+01,-3.7950001E+01,-1.5630000E+02, 4.9499115E+01, 4.4630001E+01, 9.0622250E+04, 1.2532227E+01, 6.3700002E-01, 0.0000000E+00, 6.1799997E-01,0,0,
2369888,20,270, 8.7353510E+02, 4.6728513E+02, 2.4414063E+00, 7.8625953E-01,-1.4809160E+00,-4.5801526E-01,-7.7850006E+01,-3.7050003E+01,-1.5555000E+02, 4.9594963E+01, 4.4630001E+01, 9.0617195E+04, 1.2520508E+01, 6.2900001E-01, 0.0000000E+00, 6.1000001E-01,0,0,
2371047,20,270, 8.7646478E+02, 4.7460934E+02, 2.6855467E+01, 1.0152671E+00,-1.0610687E+00,-4.4274810E-01,-7.6350006E+01,-3.7950001E+01,-1.5570001E+02, 4.9451195E+01, 4.4630001E+01, 9.0616859E+04, 1.2533203E+01, 6.2900001E-01, 0.0000000E+00, 6.1799997E-01,0,0,
2372209,20,271, 8.7109369E+02, 4.5214841E+02, 1.5624999E+01, 1.0916030E+00, 7.8625953E-01,-4.3664122E+00,-7.7400002E+01,-3.6750000E+01,-1.5630000E+02, 4.9499115E+01, 4.4639999E+01, 9.0616320E+04, 1.2520508E+01, 6.2900001E-01, 0.0000000E+00, 6.1000001E-01,0,0,
2373369,20,271, 8.7011713E+02, 4.6630856E+02, 1.5136718E+01, 4.1068702E+00, 7.3282444E-01,-1.9541985E+00,-7.7400002E+01,-3.8250000E+01,-1.5570001E+02, 4.9259502E+01, 4.4650002E+01, 9.0618961E+04, 1.2520508E+01, 6.2900001E-01, 0.0000000E+00, 6.1799997E-01,0,0,
2374531,20,271, 8.6962885E+02, 4.6142575E+02, 2.5390623E+01, 3.1068702E+00,-1.7938931E+00,-3.8396947E+00,-7.6500000E+01,-3.8550003E+01,-1.5615001E+02, 4.9690807E+01, 4.4650002E+01, 9.0621594E+04, 1.2520508E+01, 6.3700002E-01, 0.0000000E+00, 6.1000001E-01,0,0,
2375690,20,272, 8.5888666E+02, 4.8339841E+02, 2.0996092E+01, 2.1984732E+00,-9.1603053E-01,-2.4427481E+00,-7.6350006E+01,-3.8700001E+01,-1.5465001E+02, 4.9451195E+01, 4.4650002E+01, 9.0617758E+04, 1.2508789E+01, 6.2900001E-01, 0.0000000E+00, 6.0900003E-01,0,0,
2376848,20,272, 8.6865228E+02, 4.5849606E+02, 6.3476558E+00,-5.2671754E-01, 2.9770991E-01,-3.8320611E+00,-7.7550003E+01,-3.8850002E+01,-1.5660001E+02, 4.9594963E+01, 4.4660000E+01, 9.0619844E+04, 1.2508789E+01, 6.2900001E-01, 0.0000000E+00, 6.1799997E-01,0,0,
2378007,20,272, 8.7646478E+02, 4.6777341E+02, 2.3925779E+01, 1.4961832E+00,-3.6259542E+00,-4.5419846E+00,-7.6950005E+01,-3.9750000E+01,-1.5495001E+02, 4.9594963E+01, 4.4660000E+01, 9.0620039E+04, 1.2521484E+01, 6.3700002E-01, 0.0000000E+00, 6.1000001E-01,0,0,
2379167,20,272, 8.9208978E+02, 4.7070309E+02, 1.6113281E+01, 9.2366409E-01,-2.7480915E-01,-1.3740458E+00,-7.5900002E+01,-3.9000000E+01,-1.5570001E+02, 4.9451195E+01, 4.4669998E+01, 9.0615656E+04, 1.2508789E+01, 6.3700002E-01, 0.0000000E+00, 6.1799997E-01,0,0,
2380325,20,273, 8.6718744E+02, 4.5751950E+02, 1.7089844E+01, 2.0534351E+00, 1.6335878E+00,-4.4732823E+00,-7.7850006E+01,-3.8550003E+01,-1.5450000E+02, 4.9307426E+01, 4.4669998E+01, 9.0616555E+04, 1.2508789E+01, 6.2900001E-01, 0.0000000E+00, 6.1000001E-01,0,0,
2381484,20,273, 8.6132806E+02, 4.7998044E+02, 2.4414061E+01,-1.4809160E+00,-3.0534351E-02,-3.0534351E+00,-7.6200005E+01,-3.9300003E+01,-1.5510001E+02, 4.9499115E+01, 4.4680000E+01, 9.0618141E+04, 1.2558594E+01, 6.2900001E-01, 0.0000000E+00, 6.0900003E-01,0,0,
2382643,20,274, 8.8720697E+02, 4.6093747E+02, 1.1230468E+01, 3.4045801E+00,-5.6488550E-01,-3.1679389E+00,-7.6200005E+01,-3.8100002E+01,-1.5720001E+02, 4.9499115E+01, 4.4680000E+01, 9.0617594E+04, 1.2509766E+01, 6.3700002E-01, 0.0000000E+00, 6.1799997E-01,0,0,
2383801,20,274, 8.7060541E+02, 4.5947263E+02, 2.0019531E+01,-1.5267176E-02, 1.0610687E+00,-2.6183207E+00,-7.6500000E+01,-3.7800003E+01,-1.5480000E+02, 4.9594963E+01, 4.4680000E+01, 9.0621281E+04, 1.2508789E+01, 6.2900001E-01, 0.0000000E+00, 6.6900003E-01,0,0,
2384961,20,274, 8.7988275E+02, 4.5996091E+02, 2.4902342E+01, 1.4427481E+00,-4.4274810E-01,-1.9007634E+00,-7.6800003E+01,-3.8550003E+01,-1.5585001E+02, 4.9786652E+01, 4.4680000E+01, 9.0626320E+04, 1.2485352E+01, 6.2900001E-01, 0.0000000E+00, 6.1000001E-01,0,0,
2386120,20,275, 8.6523431E+02, 4.6337888E+02, 1.2695312E+01, 2.7022901E+00,-3.5496182E+00, 3.2824427E-01,-7.6350006E+01,-3.9000000E+01,-1.5525000E+02, 4.9642883E+01, 4.4680000E+01, 9.0617250E+04, 1.2509766E+01, 6.2900001E-01, 0.0000000E+00, 6.1000001E-01,0,0,
2387279,20,275, 8.6669916E+02, 4.6679684E+02, 2.2460936E+01, 1.1603054E+00,-1.0305344E+00,-3.4122138E+00,-7.6350006E+01,-3.7200001E+01,-1.5600000E+02, 4.9403271E+01, 4.4689999E+01, 9.0616391E+04, 1.2497070E+01, 6.2900001E-01, 0.0000000E+00, 6.1000001E-01,0,0,
2388438,20,275, 8.7744135E+02, 4.6777341E+02, 2.1972654E+01, 2.1374047E+00, 9.6946567E-01,-3.5496182E+00,-7.7850006E+01,-3.8550003E+01,-1.5450000E+02, 4.9451195E+01, 4.4700001E+01, 9.0618500E+04, 1.2498047E+01, 6.2900001E-01, 0.0000000E+00, 6.1000001E-01,0,0,
2389597,20,275, 8.7792963E+02, 4.6874997E+02, 4.8828122E-01, 1.4351145E+00, 1.3740458E-01,-2.4885497E+00,-7.7400002E+01,-3.8700001E+01,-1.5285001E+02, 4.9451195E+01, 4.4700001E+01, 9.0621484E+04, 1.2498047E+01, 6.3700002E-01, 0.0000000E+00, 6.7799997E-01,0,0,
2390756,20,276, 8.7402338E+02, 4.7167966E+02, 1.7578125E+01, 1.2213740E+00, 7.0992368E-01,-7.0992368E-01,-7.7700005E+01,-3.7950001E+01,-1.5570001E+02, 4.9163658E+01, 4.4709999E+01, 9.0620078E+04, 1.2498047E+01, 6.2900001E-01, 0.0000000E+00, 6.6900003E-01,0,0,
2391915,20,276, 8.7841791E+02, 4.6874997E+02, 2.4414061E+01,-1.5267175E+00, 3.6946564E+00,-2.9007633E+00,-7.6350006E+01,-3.8700001E+01,-1.5525000E+02, 4.9594963E+01, 4.4709999E+01, 9.0620609E+04, 1.2510742E+01, 6.2900001E-01, 0.0000000E+00, 6.6900003E-01,0,0,
2393075,20,276, 8.6669916E+02, 4.5019528E+02, 1.9531250E+01, 1.4885496E+00,-3.8167939E-01,-7.9389316E-01,-7.5900002E+01,-3.7500000E+01,-1.5600000E+02, 4.9499115E+01, 4.4720001E+01, 9.0619398E+04, 1.2498047E+01, 6.2900001E-01, 0.0000000E+00, 6.1000001E-01,0,0,
2394234,20,277, 8.8427728E+02, 4.7265622E+02, 1.6113281E+01, 1.7404580E+00,-1.2977099E-01,-2.1374047E+00,-7.7550003E+01,-3.9300003E+01,-1.5480000E+02, 4.9786652E+01, 4.4730000E+01, 9.0621500E+04, 1.2486328E+01, 6.3700002E-01, 0.0000000E+00, 6.1799997E-01,0,0,
2395394,20,277, 8.7011713E+02, 4.6923825E+02, 2.5390623E+01, 2.8091602E+00, 2.4198472E+00, 3.8167939E-02,-7.5000000E+01,-3.8100002E+01,-1.5555000E+02, 4.9499115E+01, 4.4720001E+01, 9.0618375E+04, 1.2449219E+01, 6.2900001E-01, 0.0000000E+00, 6.6900003E-01,0,0,
2396553,20,277, 8.7109369E+02, 4.6386716E+02, 1.3183593E+01, 8.3969466E-02,-1.7175573E+00,-3.8473282E+00,-7.8150002E+01,-3.7200001E+01,-1.5420001E+02, 4.9690807E+01, 4.4720001E+01, 9.0617680E+04, 1.2486328E+01, 6.2900001E-01, 0.0000000E+00, 6.1000001E-01,0,0,
2397711,20,277, 8.7304681E+02, 4.8583981E+02, 1.3671874E+01, 2.0610688E+00, 5.2671754E-01,-1.7404580E+00,-7.6500000E+01,-3.9300003E+01,-1.5480000E+02, 4.9786652E+01, 4.4740002E+01, 9.0619266E+04, 1.2486328E+01, 6.2900001E-01, 0.0000000E+00, 6.1000001E-01,0,0,
2398870,20,277, 8.7402338E+02, 4.7021481E+02, 2.2460936E+01, 3.8244274E+00,-3.1603053E+00, 4.6564886E-01,-7.7550003E+01,-3.8850002E+01,-1.5480000E+02, 4.9594963E+01, 4.4730000E+01, 9.0613844E+04, 1.2474609E+01, 6.2900001E-01, 0.0000000E+00, 6.1799997E-01,0,0,
2400028,20,278, 8.7353510E+02, 4.6142575E+02, 1.0742187E+01, 3.0992367E+00,-3.3282442E+00,-2.5038168E+00,-7.7550003E+01,-3.7050003E+01,-1.5615001E+02, 4.9451195E+01, 4.4740002E+01, 9.0619078E+04, 1.2486328E+01, 6.3700002E-01, 0.0000000E+00, 6.1000001E-01,0,0,
2401187,20,278, 8.7402338E+02, 4.8339841E+02, 1.3671874E+01, 1.4656489E+00, 6.7175573E-01,-4.2061067E+00,-7.7400002E+01,-3.9750000E+01,-1.5600000E+02, 4.9642883E+01, 4.4740002E+01, 9.0616984E+04, 1.2486328E+01, 6.2900001E-01, 0.0000000E+00, 6.0900003E-01,0,0,
2402345,20,278, 8.7011713E+02, 4.7265622E+02, 1.9042969E+01, 2.8931298E+00, 2.2824428E+00,-1.5038168E+00,-7.7700005E+01,-3.7950001E+01,-1.5570001E+02, 4.9499115E+01, 4.4740002E+01, 9.0614711E+04, 1.2474609E+01, 6.2900001E-01, 0.0000000E+00, 6.0900003E-01,0,0,
2403504,20,278, 8.5351556E+02, 4.6386716E+02, 1.3183593E+01, 3.4427481E+00, 0.0000000E+00,-1.5725191E+00,-7.7400002E+01,-3.7500000E+01,-1.5525000E+02, 4.9642883E+01, 4.4750000E+01, 9.0617172E+04, 1.2486328E+01, 6.2800002E-01, 0.0000000E+00, 6.1799997E-01,0,0,
2404662,20,278, 8.7451166E+02, 4.6289059E+02, 1.3671874E+01, 2.4656489E+00,-9.7709924E-01,-3.1908398E+00,-7.6350006E+01,-3.7500000E+01,-1.5525000E+02, 4.9786652E+01, 4.4750000E+01, 9.0613000E+04, 1.2474609E+01, 6.2900001E-01, 0.0000000E+00, 6.1000001E-01,0,0,
2405820,20,279, 8.7597650E+02, 4.7656247E+02, 1.7578125E+01, 1.9465649E+00,-9.1603056E-02,-1.0687023E+00,-7.8300003E+01,-3.8100002E+01,-1.5555000E+02, 4.9834579E+01, 4.4759998E+01, 9.0616656E+04, 1.2487305E+01, 6.3700002E-01, 0.0000000E+00, 6.1100000E-01,0,0,
2406980,20,279, 8.7744135E+02, 4.7119138E+02, 9.7656250E+00, 1.1450381E+00, 8.3969466E-02,-4.3664122E+00,-7.7550003E+01,-3.8850002E+01,-1.5585001E+02, 4.9499115E+01, 4.4759998E+01, 9.0616156E+04, 1.2462891E+01, 6.3700002E-01, 0.0000000E+00, 6.1900002E-01,0,0,
2408139,20,279, 8.7158197E+02, 4.7412106E+02, 1.5624999E+01,-2.9770991E-01,-3.6946564E+00,-2.5190840E+00,-7.8300003E+01,-3.7050003E+01,-1.5615001E+02, 4.9786652E+01, 4.4770000E+01, 9.0613031E+04, 1.2475586E+01, 6.2900001E-01, 0.0000000E+00, 6.1799997E-01,0,0,
2409298,20,279, 8.7597650E+02, 4.7119138E+02, 1.8554688E+01, 6.3358778E-01,-4.8854962E-01,-2.3129771E+00,-7.7850006E+01,-3.8100002E+01,-1.5405000E+02, 4.9451195E+01, 4.4779999E+01, 9.0616344E+04, 1.2475586E+01, 6.2900001E-01, 0.0000000E+00, 6.1799997E-01,0,0,
2410458,20,280, 8.8134760E+02, 4.6386716E+02, 2.5390623E+01, 1.1450381E+00, 6.5648854E-01,-1.9236641E+00,-7.8750000E+01,-3.9000000E+01,-1.5600000E+02, 4.9499115E+01, 4.4779999E+01, 9.0614266E+04, 1.2462891E+01, 6.2900001E-01, 0.0000000E+00, 6.1799997E-01,0,0,
2411617,20,280, 8.9306635E+02, 4.6923825E+02, 1.0742187E+01, 2.7251909E+00,-5.8778626E-01,-2.9923663E+00,-7.5450005E+01,-3.8850002E+01,-1.5510001E+02, 4.9690807E+01, 4.4790001E+01, 9.0618094E+04, 1.2462891E+01, 6.2900001E-01, 0.0000000E+00, 6.1000001E-01,0,0,
2412776,20,280, 8.6425775E+02, 4.6093747E+02, 1.2207030E+01, 2.2977099E+00,-3.1297711E-01,-4.8320613E+00,-7.6650002E+01,-3.8250000E+01,-1.5570001E+02, 4.9642883E+01, 4.4790001E+01, 9.0615672E+04, 1.2463867E+01, 6.3700002E-01, 0.0000000E+00, 6.1799997E-01,0,0,
2413935,20,280, 8.7207025E+02, 4.6923825E+02, 1.0742187E+01, 4.4274810E-01,-2.2442749E+00,-2.5496182E+00,-7.7700005E+01,-3.9750000E+01,-1.5525000E+02, 4.9786652E+01, 4.4799999E+01, 9.0614984E+04, 1.2475586E+01, 6.2900001E-01, 0.0000000E+00, 6.1799997E-01,0,0,
2415093,20,280, 8.5644525E+02, 4.7460934E+02, 2.3437498E+01, 2.7251909E+00,-1.9236641E+00,-3.1984732E+00,-7.7550003E+01,-3.8850002E+01,-1.5555000E+02, 4.9690807E+01, 4.4799999E+01, 9.0612875E+04, 1.2463867E+01, 6.2900001E-01, 0.0000000E+00, 6.1799997E-01,0,0,
2416252,20,280, 8.6181635E+02, 4.4287106E+02, 5.8593745E+00, 2.0000000E+00, 2.2671757E+00,-1.9923664E+00,-7.7850006E+01,-3.7350002E+01,-1.5405000E+02, 4.9594963E+01, 4.4810001E+01, 9.0614469E+04, 1.2488281E+01, 6.2900001E-01, 0.0000000E+00, 6.1000001E-01,0,0,
2417412,20,280, 8.6474603E+02, 4.6777341E+02, 1.5624999E+01, 3.0076337E+00,-1.0000000E+00,-1.6106870E+00,-7.6800003E+01,-3.7800003E+01,-1.5660001E+02, 4.9690807E+01, 4.4810001E+01, 9.0614984E+04, 1.2463867E+01, 6.3700002E-01, 0.0000000E+00, 6.1000001E-01,0,0,
2418570,20,280, 8.7451166E+02, 4.6582028E+02, 1.3671874E+01, 1.0000000E+00,-1.6717557E+00,-1.9236641E+00,-7.4850006E+01,-3.9450001E+01,-1.5750000E+02, 4.9786652E+01, 4.4820000E+01, 9.0616734E+04, 1.2463867E+01, 6.2900001E-01, 0.0000000E+00, 6.1000001E-01,0,0,
2419729,20,281, 8.7548822E+02, 4.5361325E+02, 1.5624999E+01, 4.3435116E+00,-1.4351145E+00,-1.4809160E+00,-7.5900002E+01,-3.9000000E+01,-1.5570001E+02, 4.9930420E+01, 4.4820000E+01, 9.0613438E+04, 1.2427734E+01, 6.3700002E-01, 0.0000000E+00, 6.1799997E-01,0,0,
2420887,20,281, 8.6962885E+02, 4.6728513E+02, 1.6113281E+01, 2.5343511E+00,-1.6030535E+00,-2.3511450E+00,-7.5300003E+01,-3.9000000E+01,-1.5630000E+02, 4.9786652E+01, 4.4830002E+01, 9.0615000E+04, 1.2452148E+01, 6.2900001E-01, 0.0000000E+00, 6.1799997E-01,0,0,
2422046,20,281, 8.6816400E+02, 4.6826169E+02, 7.3242183E+00, 1.4427481E+00, 5.6488550E-01,-2.7404580E+00,-7.7850006E+01,-3.9600002E+01,-1.5345001E+02, 4.9642883E+01, 4.4830002E+01, 9.0613438E+04, 1.2452148E+01, 6.2900001E-01, 0.0000000E+00, 6.1000001E-01,0,0,
2423205,20,282, 8.7207025E+02, 4.6874997E+02, 3.1738279E+01,-7.0992368E-01,-5.0381678E-01,-2.2977099E+00,-7.7550003E+01,-3.9300003E+01,-1.5555000E+02, 4.9642883E+01, 4.4840000E+01, 9.0617469E+04, 1.2452148E+01, 6.2900001E-01, 0.0000000E+00, 6.7699999E-01,0,0,
2424364,20,282, 8.7402338E+02, 4.7656247E+02, 1.2207030E+01, 3.5114503E+00,-1.0534351E+00,-1.0305344E+00,-7.5900002E+01,-3.8250000E+01,-1.5630000E+02, 4.9786652E+01, 4.4840000E+01, 9.0612250E+04, 1.2440430E+01, 6.3700002E-01, 0.0000000E+00, 6.6900003E-01,0,0,
2425523,20,283, 8.8769525E+02, 4.7021481E+02, 1.5624999E+01, 1.1603054E+00,-1.0305344E+00,-3.3969467E+00,-7.6800003E+01,-3.8100002E+01,-1.5480000E+02, 4.9786652E+01, 4.4840000E+01, 9.0612773E+04, 1.2440430E+01, 6.3700002E-01, 0.0000000E+00, 6.6900003E-01,0,0,
2426681,20,283, 8.8085931E+02, 4.6582028E+02, 1.8066406E+01, 3.3740458E+00,-3.8015268E+00,-4.1908398E+00,-7.7550003E+01,-3.9600002E+01,-1.5450000E+02, 4.9594963E+01, 4.4849998E+01, 9.0613984E+04, 1.2416016E+01, 6.3700002E-01, 0.0000000E+00, 6.7699999E-01,0,0,
2427839,20,283, 8.6132806E+02, 4.8046872E+02, 1.7089844E+01, 1.4961832E+00, 1.1450382E-01,-1.9312977E+00,-7.7700005E+01,-3.6750000E+01,-1.5495001E+02, 4.9403271E+01, 4.4849998E+01, 9.0610156E+04, 1.2440430E+01, 6.2900001E-01, 0.0000000E+00, 6.1799997E-01,0,0,
2428997,20,283, 8.6669916E+02, 4.7363278E+02, 2.0996092E+01, 1.1755725E+00, 6.4122134E-01,-3.4274809E+00,-7.7850006E+01,-3.7050003E+01,-1.5450000E+02, 4.9786652E+01, 4.4860001E+01, 9.0616094E+04, 1.2464844E+01, 6.2900001E-01, 0.0000000E+00, 6.7799997E-01,0,0,
2430156,20,283, 8.7695306E+02, 4.6777341E+02, 2.3437498E+01, 6.6412216E-01,-3.2519083E+00, 3.8167939E-01,-7.6950005E+01,-3.8250000E+01,-1.5630000E+02, 4.9786652E+01, 4.4860001E+01, 9.0614359E+04, 1.2404297E+01, 6.3700002E-01, 0.0000000E+00, 6.1699998E-01,0,0,
2431315,20,284, 8.7451166E+02, 4.5605466E+02, 1.3183593E+01, 2.5648854E+00, 1.3511450E+00,-3.3206108E+00,-7.7850006E+01,-3.7050003E+01,-1.5660001E+02, 4.9642883E+01, 4.4860001E+01, 9.0615758E+04, 1.2440430E+01, 6.3700002E-01, 0.0000000E+00, 6.1699998E-01,0,0,
